{"cameraMode":{"drawMode":0,"name":"Shaded","section":"Shading Mode"},"sceneLighting":true,"audioPlay":false,"sceneViewState":{"showFog":true,"showMaterialUpdate":false,"showSkybox":true,"showFlares":true,"showImageEffects":true,"showParticleSystems":true},"in2DMode":false,"pivot":{"x":-3.2880542278289797,"y":0.6886134147644043,"z":11.142494201660157},"rotation":{"x":-0.1063932552933693,"y":0.23829524219036103,"z":-0.026272868737578393,"w":-0.9649900197982788},"size":7.071069717407227,"orthographic":false}